0 & 1,wordlist-id,wordlist,spelldoctor
0,412,"zz-hem, fringe, border, edge",spelldoctor
0,413,zz-need,spelldoctor
0,415,zz-harp,spelldoctor
0,416,zz-tuft of curly hair,spelldoctor
0,417,zz-on the ground,spelldoctor
0,418,"zz-inclination, balance",spelldoctor
0,419,"zz-oath, evil spirits",spelldoctor
0,469,"zz-domestic, native, indigenous",spelldoctor
0,470,zz-mournful song,spelldoctor
0,471,"zz-find fault with, reveal",spelldoctor
0,472,"zz-pledge, pay, reward",spelldoctor
0,473,"zz-long seat, bench",spelldoctor
0,474,"zz-office, desk, cloth covering for a desk",spelldoctor
0,475,"zz-nut, walnut; kernel; cell, cell nucleus",spelldoctor
0,476,zz-midday meal,spelldoctor
0,518,"zz-inn, shop, hut, hovel",spelldoctor
0,519,"zz-jester, buffoon",spelldoctor
0,520,"zz-flattering, pleasant",spelldoctor
0,521,zz-regal staff,spelldoctor
0,522,"zz-speechless, unable to speak, silent",spelldoctor
0,523,"zz-flat cake, round of bread",spelldoctor
0,866,"zz-quick, lively, eager",spelldoctor
0,868,"zz-entranceway, throat",spelldoctor
0,869,zz-enforced removal,spelldoctor
0,870,"zz-fear, terror",spelldoctor
0,889,zz-heal,spelldoctor
0,932,"zz-leather bag, pouch, ship's hull",spelldoctor
0,1201,"zz-moving back and forth, alternating",spelldoctor
0,1221,zz-scale of medieval musical notes,spelldoctor
0,1222,"zz-hermit, monk",spelldoctor
0,1223,"zz-fence, wall off, stop up; obstruction",spelldoctor
0,1254,"zz-provide water, wet, moisten",spelldoctor
0,1470,"zz-morning, dawn",spelldoctor
0,1472,"zz-ferocious, grim, savage",spelldotor
0,1546,"zz-maiden, virgin, young woman",spelldoctor
0,2487,zz-open space,spelledoctor
0,3391,"zz-leg, leap, spring, bend",spelldoctor
0,3570,zz-cup,spelldoctor
0,3920,"zz-corner, lip of a jug",spelldoctor
0,4361,zz-leaning forward,spelldoctor
0,5375,zz-crane,spelldoctor
0,5906,"zz-hunger, starvation",spelldoctor
0,6094,"zz-sharp, keen, fierce, bitter, tart",spelldoctor
0,6095,"zz-temple, house",spelldoctor
0,6096,"zz-equal, equally",spelldoctor
0,6097,"zz-fix the value of, estimate, consider",spelldoctor
0,6098,"zz-age, everlasting, time, life, generation",spelldoctor
0,6099,"zz-farming, field, country, wild",spelldoctor
0,6100,"zz-do, act",spelldoctor
0,6101,"zz-do, act, drive, set in motion, weigh",spelldoctor
0,6102,"zz-say, speak, affirm",spelldoctor
0,6103,zz-white,spelldoctor
0,6104,"zz-high, grown tall, lofty",spelldoctor
0,6105,"zz-enforce, demand, test, measure out, weigh out",spelldoctor
0,6106,"zz-shameful, base, disgraceful ",spelldoctor
0,7056,"zz-clean, pure, spotless; to clean, make spotless",spelldoctor
0,6107,"zz-begin, grow up, nourished, mature",spelldoctor
0,6108,"zz-another, other, second; by turns with the other",spelldoctor
0,6110,"zz-walk, take steps, move, go around, go",spelldoctor
0,6111,zz-friend,spelldoctor
0,6112,"zz-love, find pleasure in",spelldoctor
0,6113,"zz-large, wide",spelldoctor
0,6116,"zz-year, yearly",spelldoctor
0,6117,"zz-wash, clean",spelldoctor
0,6119,"zz-narrow; to choke, distress, torment; worried, uneasy",spelldoctor
0,6120,zz-open,spelldoctor
0,6121,"zz-suitable, fit, attached",spelldoctor
0,6122,"zz-bond, connection",spelldoctor
0,6123,zz-water,spelldoctor
0,6124,"zz-think, judge",spelldoctor
0,6125,"zz-confine, control, chest, coffer, enclose, hidden",spelldoctor
0,6126,"zz-bow, arch",spelldoctor
0,6127,"zz-burn, be on fire; dry, parched",spelldoctor
0,6128,"zz-arms, weapons",spelldoctor
0,6129,"zz-skill, craft",spelldoctor
0,6130,"zz-rough, irritate",spelldoctor
0,6131,"zz-fire, black (from smoke), frightful, cruel",spelldoctor
0,6133,"zz-increase, enhance; venerable, powerful; diviner, seer, creator",spelldoctor
0,6134,"zz-walk, way, path",spelldoctor
0,6136,"zz-eager, anxious, desire, yearn for; miser, hoarder of money, bold, daring",spelldoctor
0,6137,"zz-bird, birds",spelldoctor
0,6138,"zz-remote ancestor, uncle",spelldoctor
0,6148,zz-air,spelldoctor
0,7935,"zz-leading, draw forth, struggle, contest, conflict, worth",spelldoctor
0,6151,"zz-feeling, sensation, beauty",spelldoctor
0,6152,"zz-upper air, clear sky","upper air, clear sky"
0,6153,zz-school where Plato taught,spelldoctor
0,6154,zz-very small amount,spelldoctor
0,6155,"zz-top, height, tip, end, extreme; point",spelldoctor
0,7557,"zz-pain, grief, distress",spelldoctor
0,6157,"zz-one another, of one another, different",spelldoctor
0,6158,zz-compound derived from ammonia; from the Egyptian God Ammon,spelldoctor
0,6159,"zz-both, on both sides, around, two ways",spelldoctor
0,6160,zz-man,spelldoctor
0,6161,zz-blood vessel,spelldoctor
0,6162,zz-messenger,spelldoctor
0,6163,zz-flower,spelldoctor
0,6164,"zz-human, man, ape, monkey",spelldoctor
0,6165,"zz-chief, most important, rule, begin, origin, ancient",spelldoctor
0,6166,zz-best,spelldoctor
0,7930,"zz-raise, lift, things high up",spelldoctor
0,6169,"zz-joint; to divide into small joints, speak clearly",spelldoctor
0,6170,"zz-star, stars, outer space",spelldoctor
0,6171,"zz-contest, contestant",spelldoctor
0,6172,"zz-self, same, one",spelldoctor
0,6173,"zz-rod, bar, stick, little rod",spelldoctor
0,6174,zz-beard,spelldoctor
0,6175,"zz-rail, barrier, bar",spelldoctor
0,6176,"zz-low, short",spelldoctor
0,6177,"zz-beat, pound, strike",spelldoctor
0,6178,"zz-war, fighting, contention",spelldoctor
0,6180,"zz-pretty, handsome, charming",spelldoctor
0,6181,"zz-good, well",spelldoctor
0,6182,zz-beast,spelldoctor
0,6183,"zz-drink, absorb, pour, soak",spelldoctor
0,6184,"zz-scold, reprimand, castigate",spelldoctor
0,6185,"zz-good, worthy, excellent",spelldoctor
0,6186,"zz-arm, upper arm, short",spelldoctor
0,6187,zz-curly,spelldoctor
0,6188,"zz-pointed stick, spike, projected",spelldoctor
0,6189,"zz-mouth, cheek",spelldoctor
0,6190,"zz-bubble, boil, stir, round object, sealed document, official paper",spelldoctor
0,6191,"zz-bag, purse, treasurer, hide, skin, wineskin",spelldoctor
0,6192,"zz-bush, wood",spelldoctor
0,6193,"zz-rebuke, condemn, criticize",spelldoctor
0,6194,"zz-throw, cast, dance, throw oneself around",spelldoctor
0,6195,"zz-foreign, non-Greek",spelldoctor
0,6196,"zz-pressure, weight",spelldoctor
0,6197,zz-king,spelldoctor
0,6198,"zz-foundation, base; to go, walk, step, tread",spelldoctor
0,6199,"zz-deep, depth, bottom",spelldoctor
0,6200,zz-book,spelldoctor
0,6201,"zz-life, living matter",spelldoctor
0,6202,"zz-a humming, booming",spelldoctor
0,6203,"zz-ox, cow, bull, cow cheese, butter",spelldoctor
0,6204,"zz-horse, mount",spelldoctor
0,6205,"zz-fall, die, happen",spelldoctor
0,6206,"zz-cut, kill, shorten",spelldoctor
0,6207,zz-sky,spelldoctor
0,6208,"zz-tread underfoot, track, press; heel",spelldoctor
0,6209,"zz-to be warm, hot; stoke",spelldoctor
0,6210,zz-servant,spelldoctor
1,7536,"zz-shout, speak out, cry, declare, announce, first day of the month",spelldoctor
0,6211,"zz-to contrive false accusations, find fault, jeer, scoff",spelldoctor
0,6212,"zz-pebble, limestone, chalk",spelldoctor
0,6213,"zz-room, chamber",spelldoctor
0,6214,"zz-barter, exchange",spelldoctor
0,6215,"zz-plain, field",spelldoctor
0,6216,"zz-gridwork of bars, barrier, lattice",spelldoctor
0,6217,"zz-cancer, tumor, malignant disease, sore",spelldoctor
0,6219,"zz-white, shine, hot, clear, unambiguous, set fire to",spelldoctor
0,6220,zz-dog,spelldoctor
0,6221,"zz-sing, singing, song, hymn, spell, poem",spelldoctor
0,6222,"zz-goat, resembling a goat; unpredictable",spelldoctor
0,6223,zz-hair,spelldoctor
0,6224,"zz-take, hold, seize, catch, accept, obtain, receive, grasp, keep",spelldoctor
0,6225,"zz-take, seize, catch, accept, obtain, receive, grasp, learn, keep",spelldoctor
0,6226,"zz-container, small box, chest",spelldoctor
0,6227,"zz-hood, hooded cloak",spelldoctor
0,6228,"zz-head, summit, source, leader",spelldoctor
0,6229,"zz-head, summit, source, main, origin, leader, capital",spelldoctor
0,6230,"zz-charcoal, glowing coal",spelldoctor
0,6232,"zz-select, pluck, pick, seize",spelldoctor
0,6233,"zz-wagon, cart; load",spelldoctor
0,6234,zz-dear; affection,spelldoctor
0,6239,"zz-refuge, stronghold, fortified place, camp",spelldoctor
0,6240,"zz-pure, without stain, separated; punish",spelldoctor
0,6241,"zz-chain, link",spelldoctor
0,6242,"zz-tail, line",spelldoctor
0,6243,"zz-reason, motive, charge, find fault, oppose, reject",spelldoctor
0,6244,"zz-beware of, take care",spelldoctor
0,6245,"zz-hollow, dungeon, cage, coop, hive",spelldoctor
0,6246,"zz-go, move, yield, withdraw, come to an end",spelldoctor
0,6247,"zz-fast, swift, speedy",spelldoctor
0,6248,"zz-hide, hidden, that which covers, hue, eyebrow, storeroom, chamber",spelldoctor
0,6249,"zz-assess, judge, tax, rate",spelldoctor
0,6250,"zz-hundred, hundredth",spelldoctor
0,6251,zz-brain,spelldoctor
0,6252,"zz-sift, perceive, separate, decide, judge, accuse, offense, crime",spelldoctor
0,6254,"zz-compete, strive, contend, fight",spelldoctor
0,6255,"zz-sheet of paper, map, paper for writing",spelldoctor
0,6256,zz-the art of combining base metals,spelldoctor
0,6257,"zz-zero, empty",spelldoctor
0,6261,"zz-gird, surround",spelldoctor
0,6259,"zz-ring, circle, wheel, round, around, about",spelldoctor
0,6262,"zz-set in motion, speak, quote, summon",spelldoctor
0,6263,zz-inhabitant of a town; community of citizens,spelldoctor
0,6264,zz-press down,spelldoctor
0,6265,"zz-clear, bright; to reveal, show",spelldoctor
0,6266,"zz-fleet, rank, grade, group",spelldoctor
0,6267,"zz-close, shut",spelldoctor
0,6268,zz-key,spelldoctor
0,6269,"zz-mercy, mildness, calmness",spelldoctor
0,6270,"zz-slope, hill",spelldoctor
0,6271,"zz-ancient book, book of laws",spelldoctor
0,6272,"zz-enclosed yard, courtyard, garden, retinue, group of people",spelldoctor
0,6273,"zz-filter, strain",spelldoctor
0,6274,"zz-neck, collar of a dress",spelldoctor
0,6275,"zz-settler, farmer, inhabit, develop, grow, till, maintain, revere",spelldoctor
0,6276,"zz-projecting object, top, summit",spelldoctor
0,8339,"zz-think, suppose, imagine",spelldoctor
0,6278,"zz-join, win over, make friendly, unite in feelings; public gathering",spelldoctor
0,6279,"zz-hide, put away, preserve, season, construct",spelldoctor
0,6280,"zz-to come together, agree, fit, suit, accord",spelldoctor
0,6281,"zz-opposite, contrary, against",spelldoctor
0,6282,"zz-plenty, wealth, abundance",spelldoctor
0,6283,"zz-cook, ripen; room for cooking, cooking stove",spelldoctor
0,6285,"zz-hide, leather, skin; thong, shoelace",spelldoctor
0,6286,"zz-horn, point",spelldoctor
0,6287,"zz-crown, wreath, garland, gratuity",spelldoctor
0,6288,zz-body,spelldoctor
0,6289,"zz-bark, rind, shell, husk",spelldoctor
0,6290,"zz-rib, flank, side",spelldoctor
0,6291,"zz-lattice, wickerwork, hurdle",spelldoctor
0,6292,"zz-believe, trust",spelldoctor
0,6293,"zz-make, produce, create, cause, pure, clean, whole, genuine, untainted",spelldoctor
0,6294,"zz-burst, crack, rattle, break",spelldoctor
0,6295,"zz-grow, arise, appear, multiply, increase",spelldoctor
0,6296,zz-hook,spelldoctor
0,6297,"zz-bloody, raw, undigested, rough, flesh, raw meat, cruel",spelldoctor
0,6298,zz-cross,spelldoctor
0,6299,"zz-lie down, lie asleep, recline at a table, rest, go to sleep",spelldoctor
0,6300,"zz-fault, blame, guilt",spelldoctor
0,6301,"zz-heap, pile, obstacle",spelldoctor
0,6302,zz-wedge,spelldoctor
0,6303,"zz-barrel, vat, cask, tub, drinking container",spelldoctor
0,6304,"zz-wish, want, desire, long for",spelldoctor
0,6305,"zz-care, take care of, care for, care about, supervise, protect, free from care",spelldoctor
0,6306,"zz-run, hurry, go on, continue",spelldoctor
0,6307,zz-sharp-pointed rod,spelldoctor
0,6308,"zz-bent, curved, grown awry",spelldoctor
0,6312,"zz-loss, penalty, injury; declare guilty",spelldoctor
0,6313,"zz-owe, ought",spelldoctor
0,6314,"zz-ten, tenth",spelldoctor
0,6315,"zz-adorn, grace, glorify; suitable, proper, graceful",spelldoctor
0,6316,"zz-destroy, destroyer, wipe out",spelldoctor
0,6318,"zz-thick, dense, crowded",spelldoctor
0,6319,"zz-divine, god, deity, Jupiter, Zeus",spelldoctor
0,6320,zz-right,spelldoctor
0,6329,"zz-speak, say, tell, show, reveal, proclaim, sample, pattern, proof",spelldoctor
0,6322,"zz-day, pertaining to the day, daily",spelldoctor
0,6323,zz-finger,spelldoctor
0,6324,"zz-worthy, deserving; to deem worthy, fitness, importance",spelldoctor
0,6325,"zz-separate into parts, divide",spelldoctor
0,6326,"zz-give, gift, grant, decree, place, put, attach to, add",spelldoctor
0,6327,"zz-teach; a particular teaching, a branch of learning",spelldoctor
0,6328,"zz-tooth, notch",spelldoctor
0,7973,"zz-feel pain, grieve, suffer",spelldoctor
0,6331,"zz-master, mistress",spelldoctor
0,6332,"zz-tame, subdue",spelldoctor
0,6333,"zz-house, home",spelldoctor
0,6335,zz-back,spelldoctor
0,6336,"zz-dragon, snake, serpent, severe, harsh",spelldoctor
0,6337,"zz-play, drama, to be performed, to be done",spelldoctor
0,6338,"zz-lead, leader, bring",spelldoctor
0,6339,zz-sweet,spelldoctor
0,6340,"zz-harden, to last, survive, harsh",spelldoctor
0,6341,"zz-spirit, divine power",spelldoctor
0,6342,"zz-finger, toe",spelldoctor
0,6343,"zz-terrible, monstrous",spelldoctor
0,6344,zz-people,spelldoctor
0,6345,"zz-tree, oak",spelldoctor
0,6349,"zz-quoit, disk, discus, table",spelldoctor
0,6350,"zz-opinion, belief, glory",spelldoctor
0,6351,"zz-a course, running, race",spelldoctor
0,6353,"zz-abnormal, bad, difficult",spelldoctor
0,6354,zz-drunk,spelldoctor
0,6355,zz-eat,spelldoctor
0,6356,"zz-self, I",spelldoctor
0,6357,"zz-component, particle, rudiment, beginning",spelldoctor
0,6358,"zz-buy, buy back, take, taken out, gain, ready, reward",spelldoctor
0,6359,"zz-go, pass, journey",spelldoctor
0,6360,"zz-horse, horse hair",spelldoctor
0,6361,"zz-wander, make a mistake",spelldoctor
0,6362,"zz-test, tested; try, attempt, attack, danger",spelldoctor
0,6363,"zz-beyond, outside; outward, end, edge",spelldoctor
0,6364,"zz-from, out of; outside of",spelldoctor
0,6365,"zz-image, statue, portrait, semblance",spelldoctor
0,6366,zz-amber,spelldoctor
0,6367,"zz-blossom, to swell, young one, to be full",spelldoctor
0,6368,"zz-solitary, lonely, desert",spelldoctor
0,6369,zz-work,spelldoctor
0,6370,"zz-love, desire",spelldoctor
0,6371,"zz-custom, habit, character, disposition",spelldoctor
0,6372,"zz-good, well, normal; happy, pleasing",spelldoctor
0,6373,"zz-art, craft, workshop, smith, artisan, workman",spelldoctor
0,6374,"zz-face, form, surface",spelldoctor
0,6375,"zz-make, do, put, build, create, work, accomplish",spelldoctor
0,6376,"zz-make, do, put, build, create, accomplish, work, supply, be adequate",spelldoctor
0,6377,"zz-trick, deceive, be in error",spelldoctor
0,6378,"zz-reputation, rumor, report, public opinion, renown",spelldoctor
0,6379,"zz-household, personal group, well known",spelldoctor
0,6380,"zz-grain, meal, flour",spelldoctor
0,6381,"zz-bundle, rod of power, magistrate",spelldoctor
0,6382,"zz-confess, admit, acknowledge, speak",spelldoctor
0,6384,"zz-foolish, silly, insipid, become weak",spelldoctor
0,6385,"zz-well-disposed towards, support",spelldoctor
0,6386,zz-fever,spelldoctor
0,6387,"zz-happy, lucky",spelldoctor
0,6388,"zz-woman, fruitful, pregnancy, unborn offspring",spelldoctor
0,6389,"zz-ward off, strike, displease",spelldoctor
0,6390,"zz-bring, carry, bear, set, trace",spelldoctor
0,6391,zz-iron,spelldoctor
0,6392,"zz-wild, savage, cruel",spelldoctor
0,6393,"zz-boil, glow, hot; yeast",spelldoctor
0,6394,"zz-temple; a feast, merrymaking, holiday",spelldoctor
0,6395,"zz-trust, safe, faith, belief; treaty, league",spelldoctor
0,6396,"zz-fasten, nail, secure, attach, clasp, pierce, stare at",spelldoctor
0,6397,zz-son or daughter,spelldoctor
0,6398,"zz-thread, string",spelldoctor
0,6399,"zz-cleave, split",spelldoctor
0,6400,"zz-pretend, invent, forge, shape, form",spelldoctor
0,6401,"zz-end, last, limit, set bounds, boundary, border, count",spelldoctor
0,6402,"zz-strong, stable, immovable",spelldoctor
0,6404,"zz-purse, treasury",spelldoctor
0,6405,"zz-burn, flame, heat, inflammation, body fluid",spelldoctor
0,6406,zz-bend,spelldoctor
0,6407,"zz-lamentable, doleful, pathetic",spelldoctor
0,6408,zz-strike down,spelldoctor
0,6409,"zz-blow, exhale, play a pipe",spelldoctor
0,6410,"zz-flower, blossom, zenith",spelldoctor
0,6411,"zz-flow, stream, wave, undulating movement",spelldoctor
0,6412,"zz-hearth, fireplace, fire",spelldoctor
0,6413,"zz-leaf, sheet",spelldoctor
0,6414,"zz-bellows, inflated ball, windbag",spelldoctor
0,6415,"zz-story, talk, speak, tell, prophecy, destiny",spelldoctor
0,6416,"zz-shape, structure, outer appearance",spelldoctor
0,6417,"zz-strong, vigorous, powerful",spelldoctor
0,6418,"zz-chance, fate, luck",spelldoctor
0,6419,"zz-timid, fearful",spelldoctor
0,7524,"zz-marketplace, public, outside, assembly",spelldoctor
0,6420,"zz-break, crush, shout, mitigate",spelldoctor
0,6422,"zz-to check, curb, control, to hold in with a bridle",spelldoctor
0,6423,"zz-crowded, repeated, constant",spelldoctor
0,6424,zz-to be cold,spelldoctor
0,6425,"zz-forehead, foremost part",spelldoctor
0,6426,"zz-bear fruit, enjoy, profit by; thrifty",spelldoctor
0,6427,"zz-flee, run away, escape",spelldoctor
0,6428,"zz-shine, flash, lightning",spelldoctor
0,6429,zz-smoke,spelldoctor
0,6430,"zz-pour out, leak, melt, fuse, mix, spread",spelldoctor
0,6431,"zz-bottom, depths, basis",spelldoctor
0,6433,"zz-funeral, burial",spelldoctor
0,6434,"zz-perform, work, operate",spelldoctor
0,6435,"zz-theft, thief, little thief",spelldoctor
0,6436,zz-fork,spelldoctor
0,6437,"zz-rage, be mad",spelldoctor
0,6438,"zz-to suppress, rebut, beat; club, stick, staff",spelldoctor
0,6450,"zz-rejoice, be glad, exult",spelldoctor
0,6451,"zz-freeze, turn to ice; snow, cold",spelldoctor
0,6452,"zz-gem, bud",spelldoctor
0,6453,zz-twins,spelldoctor
0,6454,zz-sheath,spelldoctor
0,6455,"zz-bear, bring, carry, heap up, wear, perform, record",spelldoctor
0,7525,"zz-race, kind, type, class, kin, birth, creation, sex, produce, offspring",spelldoctor
0,6459,zz-tear to pieces,spelldoctor
0,6460,"zz-inherent talent, inborn talent, clever device",spelldoctor
0,6463,"zz-sprout, birth, bring, bear",spelldoctor
0,6464,zz-ice,spelldoctor
0,6465,zz-sword,spelldoctor
0,6466,"zz-sphere, somewhat spherical mass",spelldoctor
0,6467,"zz-gather into ball-shaped mass, accumulate",spelldoctor
0,6468,"zz-honor, praise",spelldoctor
0,6469,"zz-paste, sticky substance",spelldoctor
0,6470,"zz-swallow, gulp down",spelldoctor
0,7635,"zz-know, think, learn; wise, well-known",spelldoctor
0,6472,"zz-step, move, go, degree",spelldoctor
0,6473,"zz-great, old, grown up, lofty, powerful",spelldoctor
0,6474,"zz-grain, seed",spelldoctor
0,6475,"zz-pleasing, beloved, dear, thankful, welcome, favor; voluntary",spelldoctor
0,6476,"zz-heavy, serious, burdened",spelldoctor
0,6477,"zz-flock, herd",spelldoctor
0,6478,"zz-large, bulky, thick",spelldoctor
0,6480,"zz-guide, steer the ship",spelldoctor
0,6481,"zz-gullet, throat, appetite, swallow",spelldoctor
0,6482,zz-taste,spelldoctor
0,6483,zz-drop,spelldoctor
0,6484,"zz-marriage, husband, wife",spelldoctor
0,6485,zz-stomach,spelldoctor
0,6486,"zz-earth, land, soil",spelldoctor
0,6487,"zz-old age, old man",spelldoctor
0,6488,"zz-the tongue, language",spelldoctor
0,6489,"zz-sweet, sugar",spelldoctor
0,6490,zz-to carve,spelldoctor
0,6492,"zz-letters, written, writing, recording; small weight",spelldoctor
0,6493,"zz-naked, unclad",spelldoctor
0,6494,zz-woman,spelldoctor
0,6495,"zz-ring, circle; turning, spinning, whirling, bend, circular motion",spelldoctor
0,6496,"zz-suitable, fit, dwell; have, hold, handy, handle",spelldoctor
0,6497,"zz-stick, cling, hold",spelldoctor
0,6498,zz-breathe,spelldoctor
0,6500,"zz-successor, one who receives goods via a will",spelldoctor
0,6501,"zz-cheerful, joyful, good spirits",spelldoctor
0,6503,"zz-honor, esteem, repute",spelldoctor
0,6504,"zz-tremble, dread, shudder, bristle",spelldoctor
0,6505,"zz-urge, encourage",spelldoctor
0,6506,"zz-guest, host",spelldoctor
0,6508,"zz-to be moist, be wet",spelldoctor
0,6509,"zz-earth, ground, bury; low, lowly",spelldoctor
0,6510,zz-choose,spelldoctor
0,6511,"zz-to bind, fasten, touch",spelldoctor
0,6512,"zz-harmony, agreement, concord, joining, proportion",spelldoctor
0,6513,zz-pleasure,spelldoctor
0,6514,"zz-chair, seat, base, side",spelldoctor
0,6515,zz-hundred,spelldoctor
0,6516,"zz-spiral, circular",spelldoctor
0,6518,zz-day,spelldoctor
0,6519,zz-half,spelldoctor
0,6520,zz-one,spelldoctor
0,6521,zz-liver,spelldoctor
0,6522,"zz-protector, hero",spelldoctor
0,6523,"zz-different, other, unlike",spelldoctor
0,6524,zz-six,spelldoctor
0,6525,zz-horse,spelldoctor
0,6526,"zz-past events, historical narrative; inquire into, examine",spelldoctor
0,6527,zz-tissue,spelldoctor
0,6528,"zz-way, road, journey, a going",spelldoctor
0,6529,"zz-whole, entire",spelldoctor
0,6530,"zz-like, alike, same, crowd",spelldoctor
0,6531,"zz-hour, time, season",spelldoctor
0,7366,"zz-sight, view, a place for seeing; a looking at, observing",spelldoctor
0,6533,"zz-boundary, bound, divide, mark off",spelldoctor
0,6535,"zz-matter, substance, stuff",spelldoctor
0,6536,"zz-slumber, sleep",spelldoctor
0,6539,"zz-throw, send forth, lie down, be situated, comfort, well-being",spelldoctor
0,6540,"zz-door, gate, endings and beginnings",spelldoctor
0,6541,zz-same,spelldoctor
0,6542,"zz-power, lord, to be able",symmes
0,6545,zz-blood,spelldoctor
0,6546,zz-seven,spelldoctor
0,6547,"zz-fire, burn",spelldoctor
0,6548,"zz-image, likeness, copy, comparable with",spelldoctor
0,6549,"zz-underneath, lower, below; hell, the underworld",spelldoctor
0,6550,"zz-to renew, rebuild, refresh",spelldoctor
0,6551,zz-island,spelldoctor
0,6552,"zz-hiss, whistle",spelldoctor
0,8310,"zz-sell, trade, barter",spelldoctor
0,6553,"zz-to entice, incite",spelldoctor
0,6554,"zz-jest, joke, little joke, tricks, child's play, game",spelldoctor
0,6555,zz-again,spelldoctor
0,6556,"zz-healer, medical care",spelldoctor
0,6557,"zz-fish, fish market",spelldoctor
0,6558,"zz-appearance, form, shape, idea; image, likeness, phantom, specter",spelldoctor
0,6559,"zz-own, personal, private",spelldoctor
0,6560,zz-rainbow; iris (colored circle of the eye),spelldoctor
0,6561,zz-equal,spelldoctor
0,6617,"zz-judge, one who gives an opinion",spelldoctor
0,6618,zz-raise a shout of joy,spelldoctor
0,6619,"zz-join, yoke",spelldoctor
0,6620,"zz-attach, join, next to, close, form a link",spelldoctor
0,6621,"zz-to swear, law, equitable, right, correct, fair",spelldoctor
0,6622,"zz-young, younger",spelldoctor
0,6623,"zz-help, helpful, pleasant, delightful",spelldoctor
0,6624,"zz-new, fresh, young",spelldoctor
0,6625,zz-bad,spelldoctor
0,6626,zz-beauty,spelldoctor
0,6627,"zz-reed, cane, pipe, channel for water",spelldoctor
0,6628,"zz-rule, straight rod, standard",spelldoctor
0,6630,"zz-down, against, completely",spelldoctor
0,6631,"zz-burn, burnt, heat, fire",spelldoctor
0,6632,zz-head,spelldoctor
0,6633,"zz-horn, carrot",spelldoctor
0,6634,"zz-movement, motion; moving",spelldoctor
0,6635,"zz-to steal, cheat",spelldoctor
0,6636,zz-sloping region or zone of the earth; ladder ; lean,spelldoctor
0,6637,"zz-common, shared",spelldoctor
0,6638,"zz-hit, cuff, blow",spelldoctor
0,6639,"zz-a merry-making, revel, celebration",spelldoctor
0,6640,zz-cone,spelldoctor
0,6641,"zz-universe, order, skillfully arranged, adornment",spelldoctor
0,6642,zz-skull,spelldoctor
0,6643,zz-rule,spelldoctor
0,6644,"zz-judge, separate, decide",spelldoctor
0,6645,"zz-ice, cold, crystal, freeze, transparent",spelldoctor
0,6646,"zz-hide, hidden, secret, stealth",spelldoctor
0,6647,"zz-circle, ring, wheel",spelldoctor
0,6648,"zz-dog, dogs",spelldoctor
0,6649,"zz-lord, master, lord's house",spelldoctor
0,6650,"zz-container, vessel",spelldoctor
0,6651,"zz-work, toil",spelldoctor
0,6652,"zz-slip, fall, descend",spelldoctor
0,6653,zz-milk,spelldoctor
0,6654,"zz-pleasure, delight, please, entice, love, snare, rope, lure",spelldoctor
0,6655,zz-tears,spelldoctor
0,6656,"zz-lake, hole, gap, pond",spelldoctor
0,6657,"zz-harm, hurt, strike",spelldoctor
0,6658,"zz-be sluggish, wilt, lack vigor",spelldoctor
0,6659,"zz-dish, plate; one of the scales of a balance",spelldoctor
0,6660,zz-stone,spelldoctor
0,6661,"zz-generous, bountiful",spelldoctor
0,6662,zz-weary,spelldoctor
0,6663,"zz-to lie hidden, lurk",spelldoctor
0,6664,zz-from the district in which Rome was situated,spelldoctor
0,6665,zz-wide,spelldoctor
0,6666,"zz-side, flank",spelldoctor
0,6667,"zz-praise, allot, grant",spelldoctor
0,6668,"zz-wash, bathe",spelldoctor
0,6669,"zz-slack, loose, open, undo, take one's ease",spelldoctor
0,6671,"zz-gather together, collect, choose, take, speak, read, story",spelldoctor
0,6672,"zz-mitigate, allay, ease; smooth, soft, calm",spelldoctor
0,6673,"zz-light in weight; to raise, to lift, to remove",spelldoctor
0,6674,"zz-law, rule, legal right, dispute, lawsuit",spelldoctor
0,6675,zz-free,spelldoctor
0,6676,"zz-book, reading",spelldoctor
0,6677,"zz-balance, scales; to be balanced; to weigh; level, to make even",spelldoctor
0,6678,"zz-to be allowed; permitted; unrestrained, run, run wild",spelldoctor
0,6680,"zz-threshold, doorway, boundary, point at which something changes ",spelldoctor
0,6681,"zz-tongue, language",spelldoctor
0,6682,"zz-leave, abandon, forsake",spelldoctor
0,6683,"zz-flax, thread, line, string, cord, net",spelldoctor
0,6684,"zz-to flow, to be liquid, extensive, lengthy",spelldoctor
0,6685,"zz-letters, writings",spelldoctor
0,6686,"zz-place, from place to place",spelldoctor
0,6687,"zz-long, stretched out, far",spelldoctor
0,6688,"zz-speak, talk",spelldoctor
0,6689,"zz-oily, slippery, slimy, ointment",spelldoctor
0,6690,"zz-gain, profit",spelldoctor
0,6691,"zz-struggle, fight against",spelldoctor
0,6692,"zz-play, performance, game; to play, make fun of, trick",spelldoctor
0,6693,"zz-mourn, lament, bewail",spelldoctor
0,6694,"zz-light, glow",spelldoctor
0,6695,zz-moon,spelldoctor
0,6696,zz-wolf,spelldoctor
0,6697,"zz-illuminate, purify, brighten",spelldoctor
0,6698,"zz-light, brightness, clarity; to shine",spelldoctor
0,6699,"zz-soft-living, sumptuousness",spelldoctor
0,6700,"zz-take, seize, hold, accept; something taken, premise",spelldoctor
0,6702,"zz-worship, servitude",spelldoctor
0,6703,zz-to leave,spelldoctor
0,6704,zz-lion,spelldoctor
0,6705,"zz-white, colorless",spelldoctor
0,6706,"zz-Magnesian stone, magnet, mineral, stone, fossil",spelldoctor
0,6707,"zz-loosen, destroy, dissolve",spelldoctor
0,6708,zz-a lyre,spelldoctor
0,6709,zz-fortified place,spelldoctor
0,6713,"zz-rind, shell, crust, husk, ice, freeze, transparent",spelldoctor
0,6763,"zz-grass, plant, tree",spelldoctor
0,6768,"zz-words, discourse, study, reason, phrases, speech",spelldoctor
0,6771,"zz-spot, stain, mesh, net",spelldoctor
0,6781,"zz-ruler, leader, master, teacher, model",spelldoctor
0,6782,"zz-great, large, authority",spelldoctor
0,6783,"zz-magic, sorceror",spelldoctor
0,6784,"zz-hammer, to hit with a hammer, to shape",spelldoctor
0,6785,"zz-bad, evil, wrong",spelldoctor
0,6786,"zz-breast, udder",spelldoctor
0,6787,"zz-order, praise, entrust",spelldoctor
0,6788,"zz-stay, remain, persist, shelter, house",spelldoctor
0,6789,zz-cloak,spelldoctor
0,6791,"zz-hand, handful, handle",spelldoctor
0,6793,"zz-sea, ocean",spelldoctor
0,6794,"zz-border, edge",spelldoctor
0,6795,"zz-married, united",spelldoctor
0,6796,"zz-to draw, drawn out, endure, witness",spelldoctor
0,6797,zz-a male,spelldoctor
0,6798,"zz-mask, witch, specter",spelldoctor
0,6799,"zz-mother, motherly, womb; the source, substance",spelldoctor
0,6800,"zz-ripe, ripen, timely, hasten",spelldoctor
0,6801,"zz-heal, cure, physician",spelldoctor
0,6802,"zz-reflect upon, muse over, ponder",spelldoctor
0,6806,"zz-central, in half, in the middle",spelldoctor
0,6807,zz-honey,spelldoctor
0,6808,"zz-better, to improve",spelldoctor
0,6809,"zz-limb, part",spelldoctor
0,6810,"zz-remembering, mindful, recall",spelldoctor
0,6811,"zz-fault, false, defect, lying",spelldoctor
0,6812,"zz-mind, wisdom, advisor",spelldoctor
0,6813,zz-soldier,spelldoctor
0,6814,"zz-lean forward, project, jut out, threaten",spelldoctor
0,6815,zz-illuminate in red,spelldoctor
0,6816,"zz-to serve, act as a servant",spelldoctor
0,6817,zz-small in size or amount; less,spelldoctor
0,6818,"zz-threaten, lead, guide, drive cattle (with shouts)",spelldoctor
0,6819,"zz-wonder at, admire; amazing circumstance, marvel",spelldoctor
0,6820,"zz-blend, mingle, mix",spelldoctor
0,6821,zz-wretched,spelldoctor
0,6823,"zz-measure, guide, restrain, method, manner, rhythm, suitable, useful",spelldoctor
0,6824,"zz-heap, mass; massive structure, disturbance",spelldoctor
0,6825,zz-soft,spelldoctor
0,6826,"zz-mill, to grind in a mill, sprinkle grain",spelldoctor
0,6827,"zz-warn, advise, remind, show, point out, teach; a portent; monster",spelldoctor
0,6828,"zz-mountain, hill",spelldoctor
0,6829,zz-disease,spelldoctor
0,6830,"zz-bite, hurt, distress; biting",spelldoctor
0,6831,"zz-delay, stay behind",spelldoctor
0,6832,"zz-death; to decay, fail",spelldoctor
0,6833,"zz-custom, habit, manner, humor",spelldoctor
0,6834,"zz-move, active; instant of time",spelldoctor
0,6835,zz-many,spelldoctor
0,6836,zz-world,spelldoctor
0,6838,zz-wall,spelldoctor
0,6839,"zz-mouse, muscle, mussel",spelldoctor
0,6840,"zz-change, alter, done in exchange, borrowed, reciprocal",spelldoctor
0,6853,"zz-pass through, penetrate",spelldoctor
0,6854,"zz-earn, gain, deserve, worthy, share, part",spelldoctor
0,6855,"zz-dip, dive, plunge, bury, drown, overwhelm",spelldoctor
0,6856,"zz-goods for sale, trade, traffic, price, reward",spelldoctor
0,6857,"zz-measure, traverse, estimate, ascertain dimension",spelldoctor
0,6858,"zz-my, mine",spelldoctor
0,6859,"zz-move, shift",spelldoctor
0,6860,"zz-battle, fight",spelldoctor
0,6861,"zz-large, stretched thin, long",spelldoctor
0,6862,"zz-madness, insanity",spelldoctor
0,6863,"zz-learn, something learned, knowledge, science",spelldoctor
0,6864,"zz-seer, prophet, diviner",spelldoctor
0,6865,zz-breast,spelldoctor
0,6866,"zz-lump, mass",spelldoctor
0,6867,"zz-machine, plan, trick, artifice, device",spelldoctor
0,6868,"zz-great, large, million",spelldoctor
0,6869,"zz-black, dark",spelldoctor
0,6870,"zz-song, sing",spelldoctor
0,6871,"zz-month, creature of the moon",spelldoctor
0,6872,zz-middle,spelldoctor
0,6873,"zz-change, after, beyond, between",spelldoctor
0,6874,"zz-ore, mine, metal",spelldoctor
0,6875,"zz-mother, womb",spelldoctor
0,6876,"zz-measure, rule, length",spelldoctor
0,6877,zz-small,spelldoctor
0,6878,"zz-imitator, mimic, mime",spelldoctor
0,6879,zz-hate,spelldoctor
0,6880,"zz-remember, memory",spelldoctor
0,6881,"zz-one, single, alone",spelldoctor
0,6882,"zz-feeble, sluggish, dull, stupid, foolish",spelldoctor
0,6883,"zz-form, shape",spelldoctor
0,6884,"zz-A Muse, fine art, music, song",spelldoctor
0,6885,zz-muscle,spelldoctor
0,6886,"zz-one who has been initiated; secret doctrine, secret rite",spelldoctor
0,6887,"zz-tale, story, legend",spelldoctor
0,6890,"zz-tell, relate",spelldoctor
0,6891,"zz-birth, nature, origin, a people, race",spelldoctor
0,6893,zz-ship,spelldoctor
0,6895,"zz-tie, bind",spelldoctor
0,6896,"zz-say not, refuse; not",spelldoctor
0,6897,zz-neither,spelldoctor
0,6898,zz-nest,spelldoctor
0,6899,zz-black,spelldoctor
0,6900,zz-nothing,spelldoctor
0,6901,"zz-harm, offense, death, injury, damage, conflict, corpse",spelldoctor
0,6902,"zz-knot, rope, difficulty, intricacy",spelldoctor
0,6904,zz-standard,spelldoctor
0,6905,zz-our,spelldoctor
0,6906,"zz-mark, sign, signify, letter, word",spelldoctor
0,6907,"zz-nine, ninth, ninety",spelldoctor
0,6908,zz-new,spelldoctor
0,6911,"zz-marry, take a husband",spelldoctor
0,6912,"zz-no, none",spelldoctor
0,6914,"zz-speak, declare, report",spelldoctor
0,6915,"zz-nourish, foster, bring up, suckle",spelldoctor
0,6916,zz-center of a nut,spelldoctor
0,6918,"zz-numbness, deadness, torpor",spelldoctor
0,6919,"zz-ship, sailor, seasickness",spelldoctor
0,6920,"zz-distribute, dole out, allot, manage, apportion one's due",spelldoctor
0,6921,"zz-new, recent",spelldoctor
0,6922,"zz-island, dry land",spelldoctor
0,6923,"zz-sinew, vigor, determination; tendon, nerve",spelldoctor
0,6924,"zz-victory, conquest",spelldoctor
0,6925,"zz-law, order",spelldoctor
0,6926,zz-roam about for pasture,spelldoctor
0,6927,zz-mind,spelldoctor
0,6928,"zz-bride, mistress",spelldoctor
0,6930,"zz-slanting, sideways",spelldoctor
0,6931,zz-forget,spelldoctor
0,6932,"zz-covered, dark",spelldoctor
0,6933,zz-eight,spelldoctor
0,6934,"zz-eye, see, bud",spelldoctor
0,6935,"zz-hate, hatred, hateful",spelldoctor
0,6936,zz-smell,spelldoctor
0,6937,zz-oil,spelldoctor
0,6938,"zz-prophetic sign, augury",spelldoctor
0,6939,"zz-burden, load",spelldoctor
0,8346,"zz-cover, conceal",spelldoctor
0,6941,"zz-wish, choose",spelldoctor
0,6942,"zz-work, from work",spelldoctor
0,6943,zz-circle,spelldoctor
0,6944,"zz-order, row, series",spelldoctor
0,6947,"zz-begin, come into being, be born, rise",spelldoctor
0,6948,"zz-decorate, beautify, arrange",spelldoctor
0,6949,"zz-mouth, face, opening, appetite; speak, plead, pray",spelldoctor
0,6950,"zz-leisure, idle",spelldoctor
0,6951,"zz-egg, egg-keeper",spelldoctor
0,6954,"zz-dwelling, house, jurisdiction, world",spelldoctor
0,6955,"zz-few, little",spelldoctor
0,6957,"zz-nail, claw, hoof",spelldoctor
0,6958,zz-egg,spelldoctor
0,6959,"zz-eye, sight, see; visible; face",spelldoctor
0,6960,"zz-organized structure, organ, instrument, tool, product",spelldoctor
0,6961,zz-bird,spelldoctor
0,6962,"zz-right, straight, correct, true",spelldoctor
0,6963,zz-tail,spelldoctor
0,6964,zz-heaven,spelldoctor
0,6965,"zz-urine, compound found in urine",spelldoctor
0,6967,"zz-sharp, keen, acid",spelldoctor
0,6969,"zz-almost, scarcely; lack, want",spelldoctor
0,6970,"zz-Palatine hill, Roman imperial residence",spelldoctor
0,6971,"zz-be pale, fade",spelldoctor
0,6972,"zz-cloak, cover",spelldoctor
0,6973,"zz-stroke, caress, touch",spelldoctor
0,6974,"zz-step, go, pass by, extend, spread",spelldoctor
0,6975,"zz-to fix, drive in, set; stake, rural area marked by stakes",spelldoctor
0,6976,"zz-bread, food",spelldoctor
0,6977,"zz-equal, same, equal value",spelldoctor
0,6978,"zz-give birth, parent, produce, come to sight, come forth, be visible",spelldoctor
0,6979,"zz-prepare, make ready, put in order, protect, provide",spelldoctor
0,6980,"zz-command, provide leadership",spelldoctor
0,6981,"zz-part, share, division, section, relation, proper degree",spelldoctor
0,6982,"zz-feed, graze, nurture, shepherd",spelldoctor
0,6983,"zz-dough, paste",spelldoctor
0,6984,"zz-open, visible, spread out; dish, plate",spelldoctor
0,6985,"zz-father, fatherland, guardian, protector",spelldoctor
0,6986,"zz-suffer, endure, tolerate, experience",spelldoctor
0,6987,"zz-poor, few, insufficient",spelldoctor
0,6988,"zz-strangle, squeeze, bind",spelldoctor
0,6989,"zz-peace, agree, make a bargain",spelldoctor
0,6990,"zz-stumble, sin",spelldoctor
0,6995,"zz-chest, breast",spelldoctor
0,6996,"zz-one's own goods, property, livestock, money",spelldoctor
0,6997,"zz-worst, diminish, weaken",spelldoctor
0,6998,"zz-push, strike, beat, drive, force, call; toss, hurl",spelldoctor
0,6999,"zz-hang, weigh, balance, consider, make up for",spelldoctor
0,7000,"zz-pierce, gain entrance",spelldoctor
0,7001,"zz-pure, unmixed",spelldoctor
0,8174,"zz-feather, tuft of feathers, wing, peak, point",spelldoctor
0,7003,"zz-pest, rascal, plague",spelldoctor
0,7004,"zz-seek, desire, attack, strive, chase, aim at, beg, appease, encourage",spelldoctor
0,7005,"zz-pierce, prick",spelldoctor
0,7006,"zz-pile, pillar",spelldoctor
0,7007,zz-hair; to pluck hair from,spelldoctor
0,7008,"zz-paint, embellish, portray, picture",spelldoctor
0,7009,"zz-chirp, peep",spelldoctor
0,7010,zz-fish,spelldoctor
0,7011,"zz-atone, devoted, upright, faithful, dutiful conduct, tenderness",spelldoctor
0,7012,"zz-please, satisfy; peace; calm, soothe",spelldoctor
0,7016,"zz-strike, beat, mourn for",spelldoctor
0,7017,"zz-sole of the foot, sprout, offspring",spelldoctor
0,7018,"zz-flat, calm, clear, straightforward, level",spelldoctor
0,7019,"zz-applaud, clap, strike, beat",spelldoctor
0,7021,"zz-full, fullness, abundance, excess",spelldoctor
0,7022,"zz-fold, bend, weave, entwine, coil, attach",spelldoctor
0,7023,"zz-weep over, wail, cry",spelldoctor
0,7024,zz-lead,spelldoctor
0,7025,zz-more,spelldoctor
0,7026,"zz-smooth, polish, refine",spelldoctor
0,7027,"zz-apple, fruit",spelldoctor
0,7029,zz-bridge,spelldoctor
0,7030,"zz-people, common people",spelldoctor
0,7031,"zz-hog, pig",spelldoctor
0,7032,"zz-gate, entrance, harbor",spelldoctor
0,7033,zz-carry,spelldoctor
0,7034,"zz-able to, capable, powerful",spelldoctor
0,7035,"zz-after, behind, later, coming after",spelldoctor
0,7036,zz-drink,spelldoctor
0,7037,"zz-booty, spoils, plunder",spelldoctor
0,7038,"zz-pray, entreat",spelldoctor
0,7039,"zz-seize, take, reach, grasp, pull, comprehend",spelldoctor
0,7040,"zz-press, push, exert force against, bear down, crush",spelldoctor
0,7041,"zz-value, worth, price",spelldoctor
0,7042,"zz-foremost, first, original, chief",spelldoctor
0,7043,"zz-former, previous, in front",spelldoctor
0,7044,"zz-individual, without, not in public life, prevented from having",spelldoctor
0,7045,"zz-prove, test, approve, assent to",spelldoctor
0,7046,"zz-offspring, progeny",spelldoctor
0,7047,"zz-near, come near",spelldoctor
0,7048,"zz-one's own, personal, special, proper, fitting",spelldoctor
0,7049,"zz-nearest, next",spelldoctor
0,7050,"zz-ashamed, modest",spelldoctor
0,7051,"zz-young boy, child",spelldoctor
0,7052,"zz-fight , be in conflict, fist, boxer",spelldoctor
0,7053,"zz-young animal, tiny",spelldoctor
0,7054,"zz-air, breath, spirit; lung",spelldoctor
0,7055,"zz-pierce, point, stab, prick",spelldoctor
0,7057,zz-fluid from infected tissue,spelldoctor
0,7058,"zz-rotten, stinking, decaying",spelldoctor
0,7059,"zz-think, consider,  judge, calculate, prune, cut",spelldoctor
0,7060,"zz-full, fill, fill up, most, finish",spelldoctor
0,7063,"zz-thick, massive",spelldoctor
0,7064,zz-child,spelldoctor
0,7065,zz-ancient,spelldoctor
0,7066,"zz-back, again",spelldoctor
0,7067,zz-all,spelldoctor
0,7068,zz-father,spelldoctor
0,7069,zz-paper,spelldoctor
0,7070,"zz-suffering, disease, feeling, passion",spelldoctor
0,7071,zz-five,spelldoctor
0,7072,zz-pepper,spelldoctor
0,7073,"zz-digestion, cook, ripen",spelldoctor
0,7074,"zz-rock, boulder",spelldoctor
0,7075,"zz-eat, eaten",spelldoctor
0,7076,"zz-cause to appear, show, visible, imagination, apparition",spelldoctor
0,7077,"zz-speak, speech, saying",spelldoctor
0,7078,"zz-remedy, drug",spelldoctor
0,7079,"zz-bear, carry; a carrying, burden, mass, reproach",spelldoctor
0,7080,"zz-love, friend",spelldoctor
0,7081,"zz-fear, abnormal fear of",spelldoctor
0,7082,"zz-sound, voice",spelldoctor
0,7083,zz-light,spelldoctor
0,7084,"zz-point out, show, explain; speech",spelldoctor
0,7086,"zz-nature, medicine, the body",spelldoctor
0,7087,"zz-watch, guard, sentinel, protection",spelldoctor
0,7088,zz-leaf,spelldoctor
0,7089,"zz-race, tribe, class",spelldoctor
0,7090,"zz-plant, to grow",spelldoctor
0,7091,"zz-fall, droop, sag; corpse",spelldoctor
0,7092,"zz-wander, wanderer",spelldoctor
0,7093,"zz-form, development; mold, image, figure, shape",spelldoctor
0,7095,"zz-flat, broad",spelldoctor
0,7096,zz-wealth,spelldoctor
0,7097,"zz-make, do, create, creator, poet",spelldoctor
0,7098,"zz-punishment, fine, penalty, regret, repent, retribution",spelldoctor
0,7099,"zz-city, citizen, citizenship",spelldoctor
0,7100,"zz-axis of a sphere, pivot",spelldoctor
0,7101,"zz-passage, way, journey",spelldoctor
0,7102,zz-purple,spelldoctor
0,7103,zz-river,spelldoctor
0,7106,"zz-foot, shoe, boot",spelldoctor
0,7107,"zz-make, do, achieve; deed, act",spelldoctor
0,7108,"zz-old man, elder",spelldoctor
0,7109,"zz-primitive, first, chief",spelldoctor
0,7110,"zz-wrong, false",spelldoctor
0,7111,"zz-mind, mental, soul, spirit",spelldoctor
0,7112,"zz-wing, feather",spelldoctor
0,7113,"zz-fire, heat",spelldoctor
0,7114,"zz-boxwood, box",spelldoctor
0,7118,"zz-seek, ask, examine, earn, strive for, win",spelldoctor
0,7119,zz-of what kind? in which state? of which sort?,spelldoctor
0,7120,"zz-how many, how much",spelldoctor
0,7122,"zz-as if, practically, almost",spelldoctor
0,7123,"zz-shake, strike, shatter, beat upon, drive away",spelldoctor
0,7125,"zz-complain, protest",spelldoctor
0,7126,"zz-what, which, who, whom",spelldoctor
0,7127,"zz-rest, still, quiet, hushed, calm",spelldoctor
0,7128,"zz-small ship, barge",spelldoctor
0,7129,"zz-as many as, how many?",spelldoctor
0,7152,"zz-scrape, scratch",spelldoctor
0,7153,"zz-branch, forked structure",spelldoctor
0,7154,"zz-snatch, grab, seize; hasty, swift",spelldoctor
0,7155,"zz-think, consider, calculate, reason, judge, determine",spelldoctor
0,7156,zz-make ready,spelldoctor
0,7157,"zz-government, right, rule, control, guide, straight, standard",spelldoctor
0,7158,"zz-make straight, arrange, guide, direct",spelldoctor
0,7159,"zz-crawl, creep",spelldoctor
0,7160,"zz-matter, fact, truth, actuality",spelldoctor
0,7161,zz-net,spelldoctor
0,7162,"zz-laugh, laugh at, make fun of",spelldoctor
0,7163,"zz-to be stiff, be unyielding, numb, frozen",spelldoctor
0,7164,"zz-stream, source, riverbank, shore",spelldoctor
0,7165,"zz-oak, strength, hard, firm",spelldoctor
0,7166,"zz-gnaw, eat away, chew; beak, snout, prow",spelldoctor
0,7167,"zz-ask, request, solicit",spelldoctor
0,7168,"zz-Rome, Roman",spelldoctor
0,7169,"zz-moved to bluish, greenish, pale yellow; envious; wan, ghastly",spelldoctor
0,7170,"zz-wheel, revolve, round",spelldoctor
0,7171,"zz-war, war-like, Roman god of war",spelldoctor
0,7172,"zz-coarse, unskilled, awkward, uncultured, untaught; rough, unformed",spelldoctor
0,7173,"zz-break open by force, burst",spelldoctor
0,7174,"zz-country, rough, coarse",spelldoctor
0,7175,"zz-measured motion, time, order, flow, stream",spelldoctor
0,7177,zz-sugar,spelldoctor
0,7178,"zz-sacred, holy",spelldoctor
0,7179,"zz-age, world",spelldoctor
0,7180,zz-salt,spelldoctor
0,7181,"zz-leap, spring forward, jump, dance",spelldoctor
0,7182,"zz-greet, hail, health",spelldoctor
0,7183,"zz-secure, safe, healthy, unharmed",spelldoctor
0,7184,zz-holy,spelldoctor
0,7185,"zz-blood, humor",spelldoctor
0,7186,"zz-taste, wise, judicious, keen perception",spelldoctor
0,7187,"zz-enough, full, sated, rich",spelldoctor
0,7188,zz-Saturn,spelldoctor
0,7189,"zz-ladder, steps",spelldoctor
0,7190,zz-climb,spelldoctor
0,7191,"zz-trap, snare, stumbling block, offense",spelldoctor
0,7193,zz-emit a scent,spelldoctor
0,7194,"zz-spark, glittering spot",spelldoctor
0,7195,zz-know,spelldoctor
0,7196,"zz-write, written",spelldoctor
0,7197,"zz-shield, shield bearer",spelldoctor
0,7198,"zz-cut, scythe, sickle",spelldoctor
0,7199,"zz-sit, settle, rest, stay still",spelldoctor
0,7200,"zz-seed, time for planting",spelldoctor
0,7201,"zz-old man, old age, elder; older",spelldoctor
0,7202,"zz-feel, sense, think, perceive, notice, opinion, judgement",spelldoctor
0,7203,"zz-tread, stamp on; rotten, unclean",spelldoctor
0,7204,"zz-follow, pursue, carry out, alongside",spelldoctor
0,7205,"zz-join, connect; string together words",spelldoctor
0,7206,"zz-wait on, serve, slave",spelldoctor
0,7207,"zz-save, keep, guard, protect, watch",spelldoctor
0,7208,"zz-grave, strict, austere, stern",spelldoctor
0,7209,"zz-six, sixth",spelldoctor
0,7210,zz-dry,spelldoctor
0,7211,"zz-star, longing",spelldoctor
0,7212,"zz-mark, seal, sign, signal, distiguishing feature",spelldoctor
0,7213,"zz-wild, of the woods; forest",spelldoctor
0,7214,"zz-pretend, copy, imitate, make like, appear same",spelldoctor
0,7215,"zz-thorn, backbone",spelldoctor
0,7216,"zz-without, not",spelldoctor
0,7217,"zz-spare, save",spelldoctor
0,7218,"zz-curve, wind, fold, hollow",spelldoctor
0,7220,"zz-companion, partner, friend, living with others",spelldoctor
0,7222,"zz-to be in the habit of, be accustomed, used to",spelldoctor
0,7223,"zz-solid, whole, firm, established, formal, customary",spelldoctor
0,7224,"zz-troubled, worried, attentive, anxious, vexed",spelldoctor
0,7225,"zz-comfort, mitigate, relieve",spelldoctor
0,7226,zz-south,spelldoctor
0,7227,"zz-loosen, untie, set free",spelldoctor
0,7232,zz-sound,spelldoctor
0,7233,"zz-mask, role, character",spelldoctor
0,7234,"zz-suck up, soak up",spelldoctor
0,7235,"zz-sister, mother's sister's son",spelldoctor
0,7236,"zz-lot, fortune, order, condition, rank, class",spelldoctor
0,7237,"zz-scatter, besprinkle, spew",spelldoctor
0,7238,"zz-distance, area, expanse, move beyond",spelldoctor
0,7239,"zz-see, look, observe, wait for, sighting, kind, species",spelldoctor
0,7240,"zz-hope, favorable",spelldoctor
0,7241,zz-a coil,spelldoctor
0,7242,"zz-breathe, breath, soul, vigor",spelldoctor
0,7243,"zz-bright, shining",spelldoctor
0,7244,"zz-pledge, promise, reply, answer, willing",spelldoctor
0,7248,zz-a pool of standing water,spelldoctor
0,7249,zz-star,spelldoctor
0,7254,"zz-spread out, layer, strew, extend, throw, pave, lie flat",spelldoctor
0,7256,"zz-plant stem, instrument for writing",spelldoctor
0,7257,"zz-drop, drip",spelldoctor
0,7258,"zz-pierce, prick, quench",spelldoctor
0,7260,"zz-stand, fixed, state, position, condition",spelldoctor
0,7261,"zz-balsam, spice",spelldoctor
0,7262,"zz-draw tight, tighten, confine, bind",spelldoctor
0,7263,"zz-build, construct, prepare, teach",spelldoctor
0,7267,"zz-have zeal for, devote oneself to",spelldoctor
0,7269,"zz-delightful, sweet; advise, recommend, urge, make sweet",spelldoctor
0,7270,zz-sweat,spelldoctor
0,7271,"zz-become used to, form a habit of",spelldoctor
0,7272,"zz-to be, exist, be real",spelldoctor
0,7273,"zz-to be good, be of use, be helpful",spelldoctor
0,7274,"zz-extreme, highest, topmost, principal, chief",spelldoctor
0,7275,"zz-take up, put on, ingest, get, use",spelldoctor
0,7276,zz-sew together,spelldoctor
0,7277,"zz-over, above, highest, topmost, worthy of pride",spelldoctor
0,7278,"zz-rise, get up",spelldoctor
0,7279,"zz-piglet, hog, swine",spelldoctor
0,7284,zz-stage,spelldoctor
0,7286,zz-lizard,spelldoctor
0,7287,"zz-form, shape, point in time, condition; state of mind",spelldoctor
0,7288,"zz-empty, vain",spelldoctor
0,7537,"zz-cut, split, cleave, tear apart, division of opinion",spelldoctor
0,7289,"zz-leisure, learned discussion, school",spelldoctor
0,7290,"zz-earthquake, shock",spelldoctor
0,7291,zz-sign,spelldoctor
0,7292,"zz-stage, tent",spelldoctor
0,7293,zz-shadow,spelldoctor
0,7294,"zz-hard, still, dried up, withered",spelldoctor
0,7295,"zz-see, examine, observe, consider",spelldoctor
0,7296,"zz-body, mass",spelldoctor
0,7297,"zz-wise, clever, crafty",spelldoctor
0,7298,"zz-ball, globe",spelldoctor
0,7299,"zz-scattered, dispersed, seed, a sowing",spelldoctor
0,7300,"zz-to set in order, send, letter, message",spelldoctor
0,7301,zz-narrow,spelldoctor
0,7302,zz-solid,spelldoctor
0,7303,zz-strength,spelldoctor
0,7304,"zz-verse, line, row",spelldoctor
0,7305,"zz-prick, rouse, incite, mark, brand, tatto",spelldoctor
0,7306,"zz-mouth, gullet, throat, opening",spelldoctor
0,7307,"zz-turn, twist, twine",spelldoctor
0,7308,"zz-pillar, column",spelldoctor
0,7309,zz-oakum,spelldoctor
0,7310,"zz-hand over, deliver, give back, set forth, sell, sale",spelldoctor
0,7311,"zz-board, plank, slate",spelldoctor
0,7312,"zz-silent, quiet",spelldoctor
0,7313,"zz-irksome, squeamish, hard to please, weary, ennui",spelldoctor
0,7314,"zz-allot, cut to shape; a cutting, stick",spelldoctor
0,7315,"zz-touch, affect, arrange, assess, whole, value",spelldoctor
0,7316,zz-slow,spelldoctor
0,7317,zz-bull,spelldoctor
0,7320,"zz-cover, shield, conceal, protect; roof",spelldoctor
0,7321,"zz-regulate, mix properly, exercise moderation, modify",spelldoctor
0,7322,"zz-touch, feel, test",spelldoctor
0,7323,"zz-time, period, season, weather, storm",spelldoctor
0,7324,"zz-stretch, extend, hold, strain, move, struggle, tendon",spelldoctor
0,7325,"zz-hold, reach, occupy, persist, remain, retain, grasp",spelldoctor
0,7328,"zz-delicate, soft, young",spelldoctor
0,7329,"zz-thin, narrow",spelldoctor
0,7330,"zz-boundary marker, end, furthest point, limit",spelldoctor
0,7332,"zz-rub, thresh, grind, wear away, oppress, afflict, damage",spelldoctor
0,7336,"zz-land, earth",spelldoctor
0,7337,"zz-scare, frighten",spelldoctor
0,7338,zz-third,spelldoctor
0,7339,"zz-witness, proof, indicator, testimony, headstrong",spelldoctor
0,7340,"zz-weave, web, cloth, construct with care, compose",spelldoctor
0,7341,zz-fortified building,spelldoctor
0,7342,"zz-to dye, wet, stain",spelldoctor
0,7345,"zz-label, description",spelldoctor
0,7346,"zz-to raise, carry; bear, endure",spelldoctor
0,7347,"zz-thunder, sound like thunder",spelldoctor
0,7349,"zz-to be stiff, numb, lethargic",spelldoctor
0,7350,"zz-pain, agony, twist, wind, wrap",spelldoctor
0,7351,"zz-parched, burning, boiling, roaring",spelldoctor
0,7352,"zz-whole, entire, all",spelldoctor
0,7354,"zz-pull, draw, drag, influence, lure, bring along",spelldoctor
0,7355,"zz-shake, tremble",spelldoctor
0,8344,"zz-alarmed, anxious, fearful",spelldoctor
0,7357,"zz-assign, allot, give credit, pronounce judgement; division of the Roman people",spelldoctor
0,7358,"zz-play tricks, entangle, make difficulties",spelldoctor
0,7359,"zz-thrust, push",spelldoctor
0,7360,"zz-to cut, lop off",spelldoctor
0,7361,"zz-protect, look after, keep safe, catch sight of",spelldoctor
0,7362,"zz-lump, swelling, disturbance, uproar",spelldoctor
0,7363,"zz-beat, bruise, pulp, crush, bore through",spelldoctor
0,7364,"zz-uproar, commotion, confusion, crowd; whirlwind, whirl",spelldoctor
0,7365,zz-tower,spelldoctor
0,7367,"zz-skill, art, craft, system, method, builder, worker, craftsman",spelldoctor
0,7368,"zz-speed, swift",spelldoctor
0,7369,"zz-far away, far off, distant",spelldoctor
0,7370,"zz-end, aim; complete, perfect, consecrate, tax",spelldoctor
0,7371,"zz-stall, place, seat",spelldoctor
0,7372,zz-death,spelldoctor
0,7373,"zz-box, chest, receptacle",spelldoctor
0,7374,"zz-god, divine",spelldoctor
0,7375,zz-wild beast,spelldoctor
0,7376,"zz-treat medically, heal",spelldoctor
0,7377,zz-heat,spelldoctor
0,7378,zz-giant,spelldoctor
0,7379,"zz-put, place, arrange; proposition; a store laid up, treasure",spelldoctor
0,7380,"zz-cut, cutting, a place cut for auguries, observation",spelldoctor
0,7381,zz-place,spelldoctor
0,7382,"zz-sound, tone, tension, stretching, pitch",spelldoctor
0,7383,"zz-circle, circuit, tool for drawing a circle, turn",spelldoctor
0,7384,zz-goat,spelldoctor
0,7385,"zz-nourishment, food",spelldoctor
0,7386,"zz-turn, change, direction, way, manner",spelldoctor
0,7387,"zz-drum; to beat; blow, impression, form",spelldoctor
0,7388,"zz-lord, master, sovereign, absolute ruler",spelldoctor
0,7398,"zz-last, farthest away, final, end, goes beyond",spelldoctor
0,7399,"zz-shade, shadow",spelldoctor
0,7400,"zz-wave, rise in a wave, flood, flow",spelldoctor
0,7401,"zz-smear with oil, anoint, prune",spelldoctor
0,7402,"zz-one, single, join into one, ounce, inch",spelldoctor
0,7403,zz-city,spelldoctor
0,7404,"zz-use, make use of, employ, engage in, exploit, custom",spelldoctor
0,7406,"zz-claim, avenger, surety, defender, revenge",spelldoctor
0,7407,"zz-empty; to be empty, to have leisure",spelldoctor
0,7408,"zz-go, proceed, advance",spelldoctor
0,7410,"zz-wander, roam",spelldoctor
0,7411,"zz-strong, well, of value",spelldoctor
0,7412,"zz-rampart, palisade, barrier",spelldoctor
0,7413,"zz-empty, hollow, illusory, groundless, futile",spelldoctor
0,7414,"zz-steam, emit steam, exhalation, spoiled, flat",spelldoctor
0,7415,"zz-diverse, different, numerous, changeable",spelldoctor
0,7416,"zz-container, bowl, cask, ship",spelldoctor
0,7417,"zz-desolate, laid waste, forlorn, empty, huge, immense",spelldoctor
0,7418,"zz-carry, bring, energetic, forceful, agitate",spelldoctor
0,7419,"zz-pluck, pull out, stretch, tear up",spelldoctor
0,7420,"zz-fast, swift",spelldoctor
0,7422,"zz-covering, cover, curtain, woven cloth",spelldoctor
0,7423,"zz-blood vessel, channel",spelldoctor
0,7424,"zz-worship, revere, honor, goddess of love, love potion, poison",spelldoctor
0,7425,"zz-come, approach, arrive",spelldoctor
0,7426,"zz-belly, abdomen, stomach, small cavity",spelldoctor
0,7427,zz-wind,spelldoctor
0,7431,"zz-spring, occuring in spring",spelldoctor
0,7432,zz-word,spelldoctor
0,7433,"zz-fear, feel awe",spelldoctor
0,7435,zz-worm,spelldoctor
0,7437,zz-truth,spelldoctor
0,7438,zz-footprint,spelldoctor
0,7439,"zz-clothing, dress, garments",spelldoctor
0,7440,"zz-old, long-standing, beasts of burden",spelldoctor
0,7441,"zz-road, way, path, journey",spelldoctor
0,7442,zz-shake,spelldoctor
0,7443,"zz-change, instead of, substitute",spelldoctor
0,7444,zz-neighbor,spelldoctor
0,7445,"zz-see, foresee, sight, look at, observe",spelldoctor
0,7446,"zz-watch, be awake, be alert, give energy, liveliness, activity, strength",spelldoctor
0,7447,"zz-contemptible, mean, base",spelldoctor
0,7448,"zz-farmhouse, rustic",spelldoctor
0,7449,"zz-conquer, defeat, overcome",spelldoctor
0,7450,"zz-wine, vine, grapes used to make wine",spelldoctor
0,7451,"zz-man, manliness, excellence of character, courage, strength",spelldoctor
0,7452,zz-green,spelldoctor
0,7454,"zz-force, power, energy, violence",spelldoctor
0,7455,"zz-entrails, internal organs",spelldoctor
0,7456,"zz-mistletoe, birdlime",spelldoctor
0,7457,"zz-live, life, alive",spelldoctor
0,7458,"zz-flaw, defect, moral failing, criticize harshly",spelldoctor
0,7459,zz-glass,spelldoctor
0,7460,"zz-voice, call, call upon, voice, word, name",spelldoctor
0,7461,"zz-fly, move swiftly, speed",spelldoctor
0,7462,"zz-free will, free choice, to wish, personal desire",spelldoctor
0,7463,"zz-roll, wrap up, turn around, orbit, curve, bend, book",spelldoctor
0,7464,"zz-eat, eating, consume, ingest, swallow",spelldoctor
0,7465,"zz-vow, pledge, promise",spelldoctor
0,7466,"zz-make common, of ordinary people, publish",spelldoctor
0,7467,"zz-wound, hurt, tear, damage",spelldoctor
0,7487,zz-yellow,spelldoctor
0,7488,"zz-stranger, foreign",spelldoctor
0,7489,"zz-dry, dried",spelldoctor
0,7491,zz-leaven,spelldoctor
0,7492,"zz-ardor, eager rivalry, fierceness",spelldoctor
0,7493,"zz-belt, girdle",spelldoctor
0,7494,zz-animal life,spelldoctor
0,7495,"zz-pair, joined",spelldoctor
0,7513,"zz-put, send, let go, abandon",spelldoctor
0,7514,"zz-old, former, ancient",spelldoctor
0,7515,"zz-ear, listen, obey",spelldoctor
0,7516,"zz-flesh, meat",spelldoctor
0,7517,"zz-hear, listen, obey",spelldoctor
0,7518,"zz-turn, bend, circle, incline, highest point, whirlpool, sink",spelldoctor
0,7521,"zz-four, fourth, square",spelldoctor
0,8112,"zz-birth, tribe, family; kindred, honest, festive spirit",spelldoctor
0,7559,"zz-human being, humankind, man, refined",spelldoctor
0,7535,zz-short,spelldoctor
0,7539,"zz-stand, firm, fixed place",spelldoctor
0,7540,"zz-angle, corner",spelldoctor
0,7541,zz-heart,spelldoctor
0,7542,zz-name,spelldoctor
0,7543,"zz-night, darkness",spelldoctor
0,7544,zz-number,spelldoctor
0,7545,zz-poison,spelldoctor
0,7546,zz-root,spelldoctor
0,7547,zz-skin,spelldoctor
0,7548,zz-sleep,spelldoctor
0,7549,zz-sun,spelldoctor
0,7551,zz-wood,spelldoctor
0,7552,"zz-tie, bind, link, send, choose, appoint",spelldoctor
0,7556,zz-nose,spelldoctor
0,7558,zz-shoemaker's last,spelldoctor
0,7631,"zz-gold, golden",spelldoctor
0,7636,"zz-rise high, surpass, be eminent, honor, make widely known",spelldoctor
0,7637,"zz-stamp, engraved mark, impression",spelldoctor
0,7638,"zz-hand, at hand, nimble",spelldoctor
0,7639,"zz-green, light green",spelldoctor
0,7640,"zz-bile, gall",spelldoctor
0,7641,"zz-grain, granule, cartilage",spelldoctor
0,7642,"zz-gut string, the string of a lyre",spelldoctor
0,7643,"zz-choir, round dance, singers, choral dance",spelldoctor
0,7644,"zz-ointment, unguent, anointed one",spelldoctor
0,7645,"zz-color, pigment",spelldoctor
0,7646,zz-time,spelldoctor
0,7647,"zz-gold, yellow",spelldoctor
0,7648,zz-earth,spelldoctor
0,7718,"zz-religious rite, custom, observance",spelldoctor
1,7725,zz-opal,spelldoctor
0,7728,zz-speech,spelldoctor
0,7932,"zz-cloud, mist, haze",spelldoctor
0,8013,"zz-steep, difficult to reach",spelldoctor
0,8057,zz-apt at teaching,spelldoctor
0,8064,"zz-burst forth, excessive flow",spelldoctor
0,8065,"zz-bewitching, charmed",spelldoctor
0,8066,zz-case or box for keeping papers,spelldoctor
0,8067,zz-metrical foot consisting of a short and long syllable,spelldoctor
0,8070,zz-a returning home,spelldoctor
0,8071,"zz-yawning hollow, gulf",spelldoctor
0,8072,"zz-acting, thinking, animated",spelldoctor
0,8073,"zz-active, vigorous",spelldoctor
0,8074,"zz-actor, stage-player",spelldoctor
0,8075,"zz-alchemy, Hermes god of science and art",spelldoctor
0,8076,zz-always thirsty and hungry,spelldoctor
0,8077,"zz-peevish, ill temper, spleen",spelldoctor
0,8078,zz-ankle,spelldoctor
0,8079,"zz-anxiety; doubt; a small, sharp pebble",spelldoctor
0,8080,zz-any spice or sweet herb,spelldoctor
0,8081,zz-ape,spelldoctor
0,8082,"zz-arms, armor",spelldoctor
0,8083,"zz-artful, clever, shrewd, crafty",spelldoctor
0,8084,zz-ash,spelldoctor
0,8090,"zz-attendant, assistant",spelldoctor
0,8091,"zz-battle formation, battle array",spelldoctor
0,8092,"zz-be lenient, accede",spelldoctor
0,8093,zz-be stuck,spelldoctor
0,8094,zz-bear,spelldoctor
0,8097,"zz-backside, rump, buttocks",spelldoctor
0,8101,zz-beautiful,spelldoctor
0,8102,zz-bees,spelldoctor
0,8107,zz-beings,spelldoctor
0,8108,"zz-belonging to tomorrow, of the next day",spelldoctor
0,8109,"zz-bewail, weep",spelldoctor
0,8110,"zz-big cat, male panther",spelldoctor
0,8111,zz-big sparrow,spelldoctor
0,8113,zz-bitter or scornful laughter,spelldoctor
0,8115,"zz-bladder, pouch, bag",spelldoctor
0,8116,"zz-bondman, serf, slave",spelldoctor
0,8118,"zz-bone, shell, potsherd",spelldoctor
0,8119,"zz-breath, breeze",spelldoctor
0,8121,zz-brother,spelldoctor
0,8128,"zz-cause, originate, responsibility",spelldoctor
0,8129,"zz-celebratory procession, ostentation, self-importance",spelldoctor
0,8130,zz-celery,spelldoctor
0,8131,"zz-cell, primitive, immature cell, bud",spelldoctor
0,8132,"zz-clean, wipe away",spelldoctor
0,8133,zz-clear,spelldoctor
0,8134,"zz-clear, tranquil, unruffled, calm",spelldoctor
0,8135,"zz-clerk, clergy",spelldoctor
0,8136,"zz-close the eyes, blink",spelldoctor
0,8137,"zz-coin, money, a place where money is made",spelldoctor
0,8138,"zz-collapse, destruction",spelldoctor
0,8139,"zz-concise, abrupt",spelldoctor
0,8141,"zz-ten thousand, very numerous, countless",spelldoctor
0,8142,"zz-crazy, deranged",spelldoctor
0,8143,"zz-summer, heat, fire; ebb and flow of the sea, tide",spelldoctor
0,8144,zz-Cretan (from the Isle of Crete),spelldoctor
0,8147,zz-dark blue,spelldoctor
0,8148,"zz-deaf, dull, mute",spelldoctor
0,8151,"zz-deception, guile, trickery",spelldoctor
0,8152,"zz-deliberate, consider, reflect",spelldoctor
0,8153,"zz-demand, request",spelldoctor
0,8154,"zz-despise, slight, disdain",spelldoctor
0,8156,"zz-dirty, shabby, mean, vile",spelldoctor
0,8157,"zz-disaster, injury",spelldoctor
0,8158,"zz-war, warlike",spelldoctor
0,8159,"zz-disease of, inflammation of",spelldoctor
0,8160,"zz-dissimulation, assumed ignorance",spelldoctor
0,8161,"zz-divine power, divinity, deity, nodding the head",spelldoctor
0,8162,"zz-doer, worker",spelldoctor
0,8163,"zz-drain, draw water, drink, draw out",spelldoctor
0,8164,"zz-draw, tear, rend, pull; tension, convulsion; involuntary contraction",spelldoctor
0,8165,"zz-dread, fear",spelldoctor
0,8166,"zz-drooping, weak, flabby",spelldoctor
0,8167,"zz-ductile, beaten, driven, set in motion",spelldoctor
0,8168,zz-eagle,spelldoctor
0,8171,zz-enemy,spelldoctor
0,8172,"zz-evil, corrupt, vicious",spelldoctor
0,8184,"zz-fertile, plentiful",spelldoctor
0,8185,zz-fig,spelldoctor
0,8189,"zz-filament, fine thread",spelldoctor
0,8190,"zz-filter, piece of felt",spelldoctor
0,8191,zz-swan,spelldoctor
0,8192,"zz-filthy, unkempt, mean, vile, indecent, lewd",spelldoctor
0,8199,"zz-two, twice",spelldoctor
0,8200,"zz-two, two by two, two each",spelldoctor
0,8201,zz-food,spelldoctor
0,8202,zz-mortal,spelldoctor
0,8205,"zz-forgetfulness, drowsy, dull",spelldoctor
0,8206,"zz-fortify, defend",spelldoctor
0,8208,"zz-gape, stand open",spelldoctor
0,8209,zz-gender,spelldoctor
0,8210,"zz-gigantic, enormous, huge",spelldoctor
0,8211,"zz-gills, windpipe, throat",spelldoctor
0,8212,zz-gland,spelldoctor
0,8213,zz-glue,spelldoctor
0,8214,"zz-goad, whip, spur, impel",spelldoctor
0,8215,"zz-grass, fodder, plants",spelldoctor
0,8216,"zz-grease, tallow",spelldoctor
0,8217,"zz-hard stone, flint, quartz",spelldoctor
0,8221,"zz-hardened skin, thick skin",spelldoctor
0,8222,"zz-harsh, hoarse, loud, rough",spelldoctor
0,8223,"zz-harsh, rough, bitter",spelldoctor
0,8224,"zz-healthful, wholesome",spelldoctor
0,8225,"zz-health, healthy, healing, sound",spelldoctor
0,8229,"zz-heavy, dull, fierce, savage, cruel, unfeeling",spelldoctor
0,8230,"zz-heedless, rash, without reason",spelldoctor
0,8234,zz-hinge,spelldoctor
0,8236,"zz-illegitimate, false",spelldoctor
0,8237,"zz-seize, able to be seized",spelldoctor
0,8238,"zz-hurt, wound, damage",spelldoctor
0,8239,"zz-in vain, in error; to deceive, trick, disappoint",spelldoctor
0,8240,zz-India,spelldoctor
0,8241,"zz-formless matter, infinite space, infinite darkness",spelldoctor
0,8242,"zz-inside, innermost, internal, between, within; intestines",spelldoctor
0,8243,"zz-juice, sap",spelldoctor
0,8244,"zz-plunderer, kidnapper",spelldoctor
0,8245,zz-kidney or kidneys,spelldoctor
0,8246,zz-knee,spelldoctor
0,8248,zz-leg,spelldoctor
0,8250,"zz-life, spirit, soul, breath, anger, pride",spelldoctor
0,8252,"zz-together, with, like, same, copy, imitate, a mixing",spelldoctor
0,8253,"zz-lobe of the ear, vegetable pod",spelldoctor
0,8254,"zz-infrequent, unusual, sparse, loose-knit, scattered",spelldoctor
0,8257,zz-lukewarm,spelldoctor
0,8258,"zz-maim, cut off, lop off",spelldoctor
0,8259,"zz-make harsh, shrill sounds, whistle, creak",spelldoctor
0,8260,zz-maze,spelldoctor
0,8261,zz-membranes enveloping the brain and spinal cord,spelldoctor
0,8265,"zz-water, water serpent, moisture, humidity",spelldoctor
0,8266,"zz-inward, into, within, interior",spelldoctor
0,8275,"zz-mud, dirt, filth",spelldoctor
0,8276,"zz-not transparent, shaded, dark",spelldoctor
0,8283,"zz-obscure saying, riddle",spelldoctor
0,8284,"zz-bovine, of cows",spelldoctor
0,8285,"zz-of such kind, of same kind",spelldoctor
0,8287,"zz-one, only, alone, plain, basic, naive",spelldoctor
0,8292,"zz-cross over, pass through, overcome",spelldoctor
0,8293,zz-painted porch,spelldoctor
0,8294,"zz-right, lawful, parts, speak",spelldoctor
0,8295,"zz-dance, dancing",spelldoctor
0,8296,"zz-put, place, set, specify, pause, stop",spelldoctor
0,8297,zz-plant juice,spelldoctor
0,8298,"zz-pollution, stain, contamination",spelldoctor
0,8299,"zz-prison, jail, enclosed place",spelldoctor
0,8300,"zz-probe, examine, inquire, inspect",spelldoctor
0,8301,zz-public speaking,spelldoctor
0,8302,"zz-people, public",spelldoctor
0,8303,"zz-red, rose, roselike, rose-colored",spelldoctor
0,8306,"zz-decay, rot, putrefactive",spelldoctor
0,8307,"zz-rub, thresh, pound",spelldoctor
0,8308,"zz-saw, saw-tooth",spelldoctor
0,8309,zz-sea,spelldoctor
0,8312,"zz-roof of the mouth, sense of taste",spelldoctor
0,8313,"zz-sew, weave, suture",spelldoctor
0,8314,"zz-shout, make a noise",spelldoctor
0,8315,zz-silk,spelldoctor
0,8321,"zz-single, simple",spelldoctor
0,8322,"zz-snake, creeping thing",spelldoctor
0,8323,"zz-soft, mellow, mild",spelldoctor
0,8324,zz-spider,spelldoctor
0,8327,"zz-stem, stock, root",spelldoctor
0,8328,"zz-stranger, sojourner, convert",spelldoctor
0,8329,"zz-stream, spread, flow",spelldoctor
0,8330,"zz-stupid, foolish, brutish, inert",spelldoctor
0,8331,"zz-mushroom, fungus",spelldoctor
0,8332,"zz-swollen, bloated, inflated",spelldoctor
0,8334,"zz-talk, chatter, blab",spelldoctor
0,8335,"zz-taste, spittle, appetite",spelldoctor
0,8336,"zz-slow, sluggish, pliant, supple",spelldoctor
0,8337,"zz-abdominal wall, flank, loins",spelldoctor
0,8338,"zz-common, public, general, share, associate, discuss, duty, service, gift, function",spelldoctor
0,8340,zz-three,spelldoctor
0,8341,"zz-chew over again, throat, gullet",spelldoctor
0,8343,"zz-common people, the multitude",spelldoctor
0,8345,"zz-stuff, cram",spelldoctor
0,8347,"zz-crazy, angry, delirious",spelldoctor
0,8348,zz-guardian,spelldoctor
0,8349,"zz-achievement, success, procession for victory",spelldoctor
0,8350,zz-lay on one's back,spelldoctor
0,8351,"zz-rub, fray, break apart",spelldoctor
0,8369,zz-waver,spelldoctor
0,8370,"zz-tomb, grave",spelldoctor
0,8373,"zz-trifling, useless, worthless",spelldoctor
0,8374,zz-true sense of a word,spelldoctor
0,8375,"zz-uterus, womb; hysteria",spelldoctor
0,8376,"zz-vapor, steam, air, gas",spelldoctor
0,8377,"zz-victim, sacrifice",spelldoctor
0,8378,"zz-iodine, the color violet",spelldoctor
0,8379,"zz-around, near, about",spelldoctor
0,8380,"zz-wanton violence, riotousness, insolence, arrogance",spelldoctor
0,8381,"zz-wander in the mind, dream",spelldoctor
0,8382,"zz-before, in front",spelldoctor
0,8383,"zz-look, heed, defend, protect",spelldoctor
0,8384,zz-warp thread,spelldoctor
0,8389,"zz-whirlpool, deep chasm, abyss; throat",spelldoctor
0,8390,zz-wife,spelldoctor
0,8391,zz-window,spelldoctor
0,8392,"zz-with, jointly, together",spelldoctor
0,8393,"zz-without, apart",spelldoctor
0,8398,"zz-witty, humorous",spelldoctor
0,8399,"zz-wrap up, cover",spelldoctor
0,8400,"zz-wrinkle, crease",spelldoctor
0,8463,"zz-brain disease, mind, delirium, become amazed",spelldoctor
